Attractive,Oval_Face,Pale_Skin,Young,Big_Nose,5_o_Clock_Shadow,Bags_Under_Eyes,Narrow_Eyes,Arched_Eyebrows,Big_Lips,Black_Hair,Blond_Hair,Brown_Hair,Gray_Hair,High_Cheekbones,Rosy_Cheeks,onehot,count
0,0,0,1,0,0,0,0,0,0,0,0,0,0,0,0,0001000000000000,6171
1,0,0,1,0,0,0,0,0,0,0,0,0,0,0,0,1001000000000000,3367
0,0,0,0,0,0,0,0,0,0,0,0,0,0,0,0,0000000000000000,2675
0,0,0,1,0,0,0,0,0,0,1,0,0,0,0,0,0001000000100000,2539
1,0,0,1,0,0,0,0,0,0,0,0,1,0,0,0,1001000000001000,2494
1,1,0,1,0,0,0,0,0,0,0,0,1,0,1,0,1101000000001010,2463
1,1,0,1,0,0,0,0,0,0,0,0,0,0,1,0,1101000000000010,2405
1,1,0,1,0,0,0,0,0,0,1,0,0,0,1,0,1101000000100010,2278
0,0,0,1,0,0,0,0,0,0,0,0,1,0,0,0,0001000000001000,2229
1,1,0,1,0,0,0,0,0,0,0,1,0,0,1,0,1101000000010010,2035
1,0,0,1,0,0,0,0,0,0,1,0,0,0,0,0,1001000000100000,1856
1,0,0,1,0,0,0,0,1,0,0,0,0,0,0,0,1001000010000000,1815
1,1,0,1,0,0,0,0,0,0,0,0,0,0,0,0,1101000000000000,1626
1,1,0,1,0,0,0,0,0,0,0,0,1,0,0,0,1101000000001000,1611
1,0,0,1,0,0,0,0,0,0,0,0,0,0,1,0,1001000000000010,1607
1,0,0,1,0,0,0,0,0,0,0,0,1,0,1,0,1001000000001010,1446
1,0,0,1,0,0,0,0,0,0,0,1,0,0,0,0,1001000000010000,1407
1,1,0,1,0,0,0,0,0,0,1,0,0,0,0,0,1101000000100000,1354
0,0,0,0,1,0,1,0,0,0,0,0,0,0,0,0,0000101000000000,1323
0,0,0,0,1,0,0,0,0,0,0,0,0,0,0,0,0000100000000000,1281
0,1,0,1,0,0,0,0,0,0,0,0,0,0,0,0,0101000000000000,1262
0,0,0,1,0,0,0,0,0,0,0,0,0,0,1,0,0001000000000010,1254
1,0,0,1,0,0,0,0,0,0,0,1,0,0,1,0,1001000000010010,1197
1,0,0,1,0,0,0,0,1,0,0,0,1,0,0,0,1001000010001000,1194
1,0,0,1,0,0,0,0,1,1,0,0,0,0,0,0,1001000011000000,1178
1,0,0,1,0,0,0,0,0,0,1,0,0,0,1,0,1001000000100010,1117
0,0,0,0,1,0,1,0,0,0,0,0,0,1,0,0,0000101000000100,1077
0,0,0,1,0,0,0,0,0,0,0,1,0,0,0,0,0001000000010000,1048
1,0,0,1,0,0,0,0,0,1,0,0,0,0,0,0,1001000001000000,1023
0,0,0,1,0,1,0,0,0,0,0,0,0,0,0,0,0001010000000000,979
1,1,0,1,0,0,0,0,0,0,0,1,0,0,0,0,1101000000010000,929
1,0,0,1,0,0,0,0,1,0,0,0,0,0,1,0,1001000010000010,928
1,0,0,1,0,0,0,0,1,0,0,1,0,0,0,0,1001000010010000,905
0,0,0,0,1,0,1,0,0,0,0,0,0,0,1,0,0000101000000010,891
0,0,0,1,0,0,0,0,0,1,0,0,0,0,0,0,0001000001000000,880
1,1,0,1,0,0,0,0,1,0,0,1,0,0,1,0,1101000010010010,849
1,0,0,1,0,0,0,0,1,0,0,1,0,0,1,0,1001000010010010,844
1,0,0,1,0,0,0,0,1,0,1,0,0,0,0,0,1001000010100000,811
1,0,0,1,0,0,0,0,1,1,0,0,1,0,0,0,1001000011001000,810
0,0,0,1,0,0,0,0,0,0,1,0,0,0,1,0,0001000000100010,791
1,0,0,1,0,0,0,0,1,0,0,0,1,0,1,0,1001000010001010,777
0,0,0,0,0,0,0,0,0,0,0,0,0,0,1,0,0000000000000010,776
0,0,0,0,1,0,1,0,0,0,0,0,0,1,1,0,0000101000000110,774
0,0,0,1,1,0,0,0,0,0,0,0,0,0,0,0,0001100000000000,773
0,1,0,1,0,0,0,0,0,0,0,0,0,0,1,0,0101000000000010,771
1,1,0,1,0,0,0,0,1,0,0,0,1,0,1,0,1101000010001010,761
1,0,0,1,0,0,0,0,0,1,0,0,1,0,0,0,1001000001001000,759
1,1,0,1,0,0,0,0,1,0,0,0,0,0,1,0,1101000010000010,758
1,0,0,1,0,0,0,0,1,1,1,0,0,0,0,0,1001000011100000,753
0,1,0,1,0,0,0,0,0,0,1,0,0,0,0,0,0101000000100000,750
1,0,0,1,0,1,0,0,0,0,1,0,0,0,0,0,1001010000100000,711
0,0,0,1,0,0,0,1,0,0,0,0,0,0,0,0,0001000100000000,698
0,0,0,0,1,0,0,0,0,0,0,0,0,1,0,0,0000100000000100,696
0,0,0,1,0,0,0,0,1,0,0,0,0,0,0,0,0001000010000000,690
1,1,0,1,0,0,0,0,1,0,0,1,0,0,1,1,1101000010010011,685
0,0,0,1,0,0,0,0,0,0,0,0,1,0,1,0,0001000000001010,676
0,0,0,1,0,1,0,0,0,0,1,0,0,0,0,0,0001010000100000,675
1,1,0,1,0,0,0,0,1,0,1,0,0,0,1,0,1101000010100010,673
0,0,0,0,0,0,1,0,0,0,0,0,0,0,0,0,0000001000000000,664
1,0,0,1,0,1,0,0,0,0,0,0,0,0,0,0,1001010000000000,656
0,0,0,0,0,0,0,0,0,0,0,0,0,1,0,0,0000000000000100,633
1,0,0,1,0,0,0,0,1,1,0,0,0,0,1,0,1001000011000010,627
1,0,0,1,0,0,0,0,1,1,0,0,1,0,1,0,1001000011001010,627
0,0,0,0,0,0,0,0,0,0,1,0,0,0,0,0,0000000000100000,624
1,0,0,1,0,0,0,0,0,1,0,1,0,0,0,0,1001000001010000,600
1,0,0,1,0,0,0,0,1,0,1,0,0,0,1,0,1001000010100010,590
1,0,0,1,0,0,0,0,1,1,0,1,0,0,0,0,1001000011010000,590
0,1,0,0,0,0,0,0,0,0,0,0,0,0,0,0,0100000000000000,586
0,1,0,1,0,0,0,0,0,0,1,0,0,0,1,0,0101000000100010,583
0,1,0,1,0,0,0,0,0,0,0,0,1,0,0,0,0101000000001000,581
0,0,0,1,0,0,0,0,0,1,1,0,0,0,0,0,0001000001100000,580
0,0,0,1,0,0,1,0,0,0,0,0,0,0,0,0,0001001000000000,555
1,0,0,1,0,0,0,0,0,1,1,0,0,0,0,0,1001000001100000,538
0,0,0,0,1,0,0,0,0,0,0,0,0,0,1,0,0000100000000010,534
1,1,0,1,0,0,0,0,1,0,0,0,0,0,0,0,1101000010000000,512
1,1,0,1,0,0,0,0,0,0,0,1,0,0,1,1,1101000000010011,512
1,0,0,1,0,0,0,0,1,1,1,0,0,0,1,0,1001000011100010,512
0,0,0,0,0,0,0,0,0,0,0,0,1,0,0,0,0000000000001000,512
0,0,0,1,1,0,0,0,0,0,1,0,0,0,0,0,0001100000100000,510
1,0,0,1,0,0,0,0,1,1,0,1,0,0,1,0,1001000011010010,505
0,0,0,0,1,0,0,0,0,0,0,0,0,1,1,0,0000100000000110,496
0,0,0,1,0,0,0,0,0,1,0,0,1,0,0,0,0001000001001000,492
0,1,0,1,0,0,0,0,0,0,0,0,1,0,1,0,0101000000001010,477
1,1,0,1,0,0,0,0,1,0,0,0,1,0,0,0,1101000010001000,462
1,0,0,1,0,1,0,0,0,0,0,0,1,0,0,0,1001010000001000,449
0,0,0,1,1,0,0,0,0,1,0,0,0,0,0,0,0001100001000000,447
0,0,0,1,0,1,0,0,0,0,0,0,1,0,0,0,0001010000001000,438
1,1,0,1,0,0,0,0,1,0,0,0,0,0,1,1,1101000010000011,437
0,1,0,0,0,0,0,0,0,0,0,0,0,0,1,0,0100000000000010,434
1,1,0,1,0,0,0,0,0,0,0,0,1,0,1,1,1101000000001011,433
0,0,0,1,0,0,0,0,0,0,0,1,0,0,1,0,0001000000010010,429
1,0,1,1,0,0,0,0,0,0,0,0,0,0,0,0,1011000000000000,418
1,0,0,1,0,0,0,0,0,1,0,0,1,0,1,0,1001000001001010,399
0,0,0,0,0,0,1,0,0,0,0,0,0,1,0,0,0000001000000100,386
0,0,0,1,1,1,0,0,0,0,0,0,0,0,0,0,0001110000000000,379
1,1,0,1,0,0,0,0,1,0,0,0,1,0,1,1,1101000010001011,372
0,0,0,1,0,0,0,0,1,0,1,0,0,0,0,0,0001000010100000,369
0,0,0,0,0,0,1,0,0,0,0,0,0,0,1,0,0000001000000010,368
0,0,0,1,0,0,0,0,1,0,0,0,1,0,0,0,0001000010001000,367
1,0,0,1,0,0,0,0,0,1,0,1,0,0,1,0,1001000001010010,366
1,1,0,1,0,0,0,0,0,0,0,0,0,0,1,1,1101000000000011,365
1,1,0,1,0,0,0,0,1,0,0,1,0,0,0,0,1101000010010000,361
0,0,0,0,0,1,0,0,0,0,0,0,0,0,0,0,0000010000000000,356
1,1,0,1,0,0,0,0,1,1,0,1,0,0,1,1,1101000011010011,353
0,0,0,0,0,0,0,0,0,0,0,1,0,0,1,0,0000000000010010,351
0,0,0,1,1,0,0,0,0,1,1,0,0,0,0,0,0001100001100000,348
1,0,0,1,0,0,0,0,1,0,0,1,0,0,1,1,1001000010010011,348
0,0,0,1,1,0,1,0,0,0,0,0,0,0,0,0,0001101000000000,346
0,0,0,0,1,1,1,0,0,0,0,0,0,0,0,0,0000111000000000,340
0,0,0,0,0,0,0,1,0,0,0,0,0,0,0,0,0000000100000000,333
1,0,0,1,0,0,0,0,0,1,0,0,0,0,1,0,1001000001000010,332
0,0,0,0,0,0,0,0,0,0,0,1,0,0,0,0,0000000000010000,327
0,0,0,0,1,0,0,0,0,0,1,0,0,0,0,0,0000100000100000,327
0,0,0,1,0,0,1,0,0,0,0,0,0,0,1,0,0001001000000010,325
0,0,0,1,0,0,0,0,1,1,0,0,0,0,0,0,0001000011000000,323
0,1,0,1,0,0,0,0,0,0,0,1,0,0,1,0,0101000000010010,318
1,0,0,1,0,0,0,0,1,0,0,0,0,0,1,1,1001000010000011,316
1,1,0,1,0,1,0,0,0,0,1,0,0,0,0,0,1101010000100000,315
0,1,0,0,1,0,0,0,0,0,0,0,0,0,1,0,0100100000000010,314
0,0,0,0,0,0,0,0,0,0,0,0,1,0,1,0,0000000000001010,312
0,0,0,0,0,0,0,0,0,0,1,0,0,0,1,0,0000000000100010,309
0,0,0,1,1,1,0,0,0,0,1,0,0,0,0,0,0001110000100000,309
0,1,0,0,1,0,0,0,0,0,0,0,0,0,0,0,0100100000000000,303
0,0,0,0,0,0,0,0,0,0,0,0,0,1,1,0,0000000000000110,301
0,0,0,1,0,0,0,0,1,0,0,1,0,0,0,0,0001000010010000,300
1,1,0,1,0,0,0,0,0,0,1,0,0,0,1,1,1101000000100011,292
0,0,0,0,1,0,1,1,0,0,0,0,0,0,1,0,0000101100000010,290
0,0,0,1,1,0,0,0,0,1,1,0,0,0,1,0,0001100001100010,288
0,0,0,1,0,0,0,1,0,1,0,0,0,0,0,0,0001000101000000,287
0,0,0,1,0,1,1,0,0,0,0,0,0,0,0,0,0001011000000000,285
1,0,0,1,0,0,1,0,0,0,0,0,0,0,0,0,1001001000000000,285
1,0,0,1,0,0,0,0,0,1,1,0,0,0,1,0,1001000001100010,284
0,0,0,0,1,0,1,1,0,0,0,0,0,0,0,0,0000101100000000,284
1,0,0,1,0,0,1,0,0,0,0,0,0,0,1,0,1001001000000010,281
1,1,0,1,0,0,0,0,1,0,1,0,0,0,0,0,1101000010100000,280
1,1,0,1,0,1,0,0,0,0,0,0,0,0,0,0,1101010000000000,278
0,0,0,1,1,0,0,0,1,1,1,0,0,0,1,0,0001100011100010,278
0,0,0,1,0,0,0,0,0,1,0,1,0,0,0,0,0001000001010000,274
1,0,0,1,0,0,0,1,1,1,0,0,0,0,0,0,1001000111000000,271
0,0,0,1,1,0,0,0,0,0,0,0,0,0,1,0,0001100000000010,269
0,1,0,0,1,0,1,0,0,0,0,0,0,0,1,0,0100101000000010,264
1,1,0,1,0,0,0,0,1,1,1,0,0,0,1,0,1101000011100010,261
1,0,1,1,0,0,0,0,1,0,0,0,0,0,0,0,1011000010000000,260
0,0,0,0,1,0,0,0,0,1,0,0,0,0,0,0,0000100001000000,255
0,0,0,1,0,0,1,0,0,0,1,0,0,0,0,0,0001001000100000,254
1,1,0,1,0,0,0,0,1,1,0,0,1,0,0,0,1101000011001000,251
0,0,0,1,0,0,1,0,0,0,0,0,1,0,0,0,0001001000001000,251
0,1,0,1,1,0,0,0,0,1,1,0,0,0,1,0,0101100001100010,251
0,0,0,1,1,0,0,0,0,1,0,0,0,0,1,0,0001100001000010,250
1,0,0,1,0,0,1,0,0,0,0,0,1,0,1,0,1001001000001010,249
0,0,0,1,0,0,0,0,1,1,1,0,0,0,0,0,0001000011100000,249
0,0,0,1,0,0,0,0,1,0,0,0,0,0,1,0,0001000010000010,248
0,0,0,0,1,1,0,0,0,0,0,0,0,0,0,0,0000110000000000,248
1,1,0,1,0,0,0,0,1,1,0,0,0,0,1,0,1101000011000010,247
1,1,0,1,0,0,0,0,1,1,0,0,1,0,1,0,1101000011001010,247
1,0,0,1,0,1,1,0,0,0,0,0,0,0,0,0,1001011000000000,239
0,0,0,0,1,0,1,1,0,0,0,0,0,1,1,0,0000101100000110,238
1,0,0,1,1,1,0,0,0,0,1,0,0,0,0,0,1001110000100000,235
1,1,0,1,0,0,0,0,1,1,0,0,1,0,1,1,1101000011001011,235
0,0,0,1,0,0,0,1,0,0,1,0,0,0,0,0,0001000100100000,235
1,0,0,1,0,0,0,1,0,0,0,0,0,0,0,0,1001000100000000,234
0,0,0,1,1,1,1,0,0,0,1,0,0,0,0,0,0001111000100000,233
0,0,0,0,1,0,1,1,0,0,0,0,0,1,0,0,0000101100000100,233
1,1,0,1,0,0,0,0,1,0,1,0,0,0,1,1,1101000010100011,232
1,1,0,1,0,0,0,0,1,1,0,0,0,0,1,1,1101000011000011,232
0,1,0,1,0,1,0,0,0,0,0,0,0,0,0,0,0101010000000000,231
1,0,0,1,0,1,1,0,0,0,1,0,0,0,0,0,1001011000100000,229
1,0,0,1,0,0,1,0,0,0,0,0,1,0,0,0,1001001000001000,229
1,0,0,1,0,0,0,0,1,1,0,1,0,0,1,1,1001000011010011,227
0,1,0,0,0,0,0,0,0,0,1,0,0,0,0,0,0100000000100000,227
0,1,0,1,1,0,0,0,0,1,0,0,0,0,1,0,0101100001000010,227
0,0,0,1,1,1,1,0,0,0,0,0,0,0,0,0,0001111000000000,226
0,0,0,1,1,0,1,0,0,0,1,0,0,0,0,0,0001101000100000,226
0,1,0,1,0,1,0,0,0,0,1,0,0,0,0,0,0101010000100000,225
1,0,0,1,0,0,1,0,0,0,1,0,0,0,0,0,1001001000100000,225
0,1,0,1,0,0,0,0,0,0,0,1,0,0,0,0,0101000000010000,224
0,0,0,1,0,0,0,0,0,1,0,0,0,0,1,0,0001000001000010,221
1,1,0,1,0,0,0,0,1,1,0,1,0,0,1,0,1101000011010010,218
0,0,0,1,1,0,1,0,0,0,0,0,0,0,1,0,0001101000000010,216
0,0,0,1,1,0,0,0,0,0,1,0,0,0,1,0,0001100000100010,214
0,0,0,1,0,0,0,1,0,0,0,0,1,0,0,0,0001000100001000,214
0,0,0,1,1,0,1,0,0,0,1,0,0,0,1,0,0001101000100010,212
1,1,0,1,0,0,0,0,1,1,0,0,0,0,0,0,1101000011000000,211
0,0,0,0,1,0,1,0,0,0,1,0,0,0,0,0,0000101000100000,211
0,0,0,0,0,0,1,0,0,0,0,0,0,1,1,0,0000001000000110,210
1,1,0,0,0,0,0,0,0,0,0,0,0,0,1,0,1100000000000010,210
1,0,0,1,1,0,0,0,0,0,0,0,0,0,0,0,1001100000000000,208
1,1,0,0,0,0,0,0,0,0,0,0,1,0,1,0,1100000000001010,206
1,0,0,1,1,1,1,0,0,0,1,0,0,0,0,0,1001111000100000,205
1,0,1,1,0,0,0,0,0,0,0,1,0,0,0,0,1011000000010000,204
0,0,0,1,0,0,0,0,0,1,1,0,0,0,1,0,0001000001100010,204
0,0,1,1,0,0,0,0,0,0,0,0,0,0,0,0,0011000000000000,204
1,0,0,1,1,0,0,0,0,0,1,0,0,0,0,0,1001100000100000,203
1,0,0,1,0,0,1,0,0,0,1,0,0,0,1,0,1001001000100010,202
0,0,0,0,1,0,1,0,0,1,0,0,0,0,0,0,0000101001000000,202
1,0,1,1,0,0,0,0,1,1,0,0,0,0,0,0,1011000011000000,201
1,0,0,1,0,0,0,0,1,1,0,0,0,0,1,1,1001000011000011,200
1,0,0,1,0,0,0,1,1,1,0,0,0,0,1,0,1001000111000010,198
0,1,0,0,0,0,0,0,0,0,0,0,1,0,1,0,0100000000001010,197
1,0,0,1,0,0,0,0,1,1,0,0,1,0,1,1,1001000011001011,197
0,0,0,1,0,0,0,0,1,0,1,0,0,0,1,0,0001000010100010,195
1,0,0,1,0,0,0,0,0,0,0,1,0,0,1,1,1001000000010011,193
1,1,0,1,0,0,0,0,0,1,1,0,0,0,1,0,1101000001100010,193
0,0,0,0,1,0,1,0,0,0,1,0,0,0,1,0,0000101000100010,193
1,0,0,0,0,0,0,0,0,0,0,0,0,0,0,0,1000000000000000,193
1,0,0,1,0,1,1,0,0,0,0,0,1,0,0,0,1001011000001000,193
0,0,0,1,1,0,1,0,1,1,1,0,0,0,1,0,0001101011100010,189
1,1,0,1,0,0,1,0,0,0,0,0,0,0,1,0,1101001000000010,189
0,0,0,0,1,0,1,0,0,1,0,0,0,0,1,0,0000101001000010,188
1,1,0,1,0,1,0,0,0,0,0,0,1,0,0,0,1101010000001000,187
0,0,0,1,0,0,0,0,1,1,0,0,1,0,0,0,0001000011001000,186
1,0,0,0,0,0,0,0,0,0,0,1,0,0,1,0,1000000000010010,185
1,0,0,0,0,0,0,0,0,0,0,0,0,0,1,0,1000000000000010,185
0,1,0,1,1,0,0,0,0,0,0,0,0,0,1,0,0101100000000010,185
0,0,0,0,1,0,0,0,0,0,1,0,0,0,1,0,0000100000100010,185
0,0,0,1,0,0,0,0,1,1,1,0,0,0,1,0,0001000011100010,184
0,1,0,1,1,0,0,0,0,0,1,0,0,0,1,0,0101100000100010,183
1,1,0,1,0,0,1,0,0,0,0,0,1,0,1,0,1101001000001010,183
1,1,0,1,0,0,0,0,1,1,1,0,0,0,1,1,1101000011100011,181
1,0,0,1,1,1,1,0,0,0,0,0,0,0,0,0,1001111000000000,180
0,0,0,1,0,0,0,0,1,0,0,1,0,0,1,0,0001000010010010,180
0,0,0,1,0,1,1,0,0,0,0,0,1,0,0,0,0001011000001000,179
1,1,0,1,0,0,0,0,1,1,1,0,0,0,0,0,1101000011100000,179
0,1,0,1,1,0,0,0,0,1,0,0,0,0,0,0,0101100001000000,178
1,0,0,1,0,0,1,0,1,0,0,0,0,0,1,0,1001001010000010,177
1,0,1,1,0,0,0,0,0,1,0,0,0,0,0,0,1011000001000000,177
1,1,0,0,0,0,0,0,0,0,0,1,0,0,1,0,1100000000010010,176
0,1,0,1,1,0,0,0,0,1,1,0,0,0,0,0,0101100001100000,175
1,0,0,1,0,0,0,1,0,1,0,0,0,0,0,0,1001000101000000,174
0,1,0,0,0,0,0,0,0,0,1,0,0,0,1,0,0100000000100010,173
0,0,0,1,0,0,0,1,0,0,0,0,0,0,1,0,0001000100000010,173
0,0,0,0,0,0,0,0,0,1,0,0,0,0,0,0,0000000001000000,172
0,1,0,1,0,0,1,0,0,0,0,0,0,0,1,0,0101001000000010,169
1,0,0,1,0,0,0,0,1,1,1,0,0,0,1,1,1001000011100011,169
0,0,0,1,0,0,0,0,1,0,0,0,1,0,1,0,0001000010001010,169
1,0,1,1,0,0,0,0,1,0,0,1,0,0,0,0,1011000010010000,168
0,0,0,1,1,0,1,0,0,1,1,0,0,0,1,0,0001101001100010,167
0,0,0,1,0,0,1,0,0,0,0,0,1,0,1,0,0001001000001010,166
1,0,0,1,0,0,0,0,1,0,0,0,1,0,1,1,1001000010001011,166
1,0,0,1,1,0,0,0,1,1,1,0,0,0,1,0,1001100011100010,165
1,0,0,1,0,0,0,1,1,1,1,0,0,0,0,0,1001000111100000,165
1,1,0,1,0,0,0,0,0,1,1,0,0,0,0,0,1101000001100000,165
1,1,0,1,0,0,0,0,0,0,0,1,1,0,1,0,1101000000011010,164
1,0,0,1,1,0,1,0,0,0,0,0,0,0,1,0,1001101000000010,164
1,0,0,0,0,0,0,0,1,0,0,1,0,0,1,0,1000000010010010,162
0,0,0,1,0,0,0,0,1,1,0,1,0,0,0,0,0001000011010000,162
1,0,1,1,0,0,0,0,0,0,0,0,1,0,0,0,1011000000001000,162
0,1,0,0,0,0,1,0,0,0,0,0,0,0,1,0,0100001000000010,161
1,0,0,1,0,0,1,0,0,0,0,1,0,0,1,0,1001001000010010,161
0,1,0,1,1,0,0,0,0,0,0,0,0,0,0,0,0101100000000000,160
1,0,0,0,0,0,0,0,0,0,0,0,1,0,1,0,1000000000001010,160
0,0,0,0,1,0,0,0,0,1,1,0,0,0,0,0,0000100001100000,159
1,1,0,1,1,0,0,0,0,0,1,0,0,0,1,0,1101100000100010,157
1,0,0,1,0,0,0,0,0,0,0,0,0,0,1,1,1001000000000011,157
1,0,1,1,0,0,0,0,0,0,1,0,0,0,0,0,1011000000100000,157
0,0,0,1,0,0,1,0,0,0,1,0,0,0,1,0,0001001000100010,157
0,0,0,0,0,1,1,0,0,0,0,0,0,0,0,0,0000011000000000,157
0,0,0,0,1,0,0,0,0,1,0,0,0,0,1,0,0000100001000010,156
1,1,0,1,0,0,1,0,0,0,1,0,0,0,1,0,1101001000100010,156
1,0,0,1,1,1,0,0,0,0,0,0,0,0,0,0,1001110000000000,153
0,0,0,0,1,0,0,1,0,0,0,0,0,0,0,0,0000100100000000,153
0,1,0,0,1,0,1,0,0,0,0,0,0,0,0,0,0100101000000000,152
1,0,0,1,0,0,1,0,1,0,0,1,0,0,1,0,1001001010010010,151
1,1,0,1,0,0,0,0,0,1,0,0,1,0,0,0,1101000001001000,150
0,0,0,0,1,0,1,0,0,0,0,0,1,0,0,0,0000101000001000,148
1,1,0,1,0,0,0,0,0,0,1,0,1,0,1,0,1101000000101010,148
0,0,0,1,0,1,1,0,0,0,1,0,0,0,0,0,0001011000100000,148
0,1,0,0,1,0,1,0,0,0,0,0,0,1,1,0,0100101000000110,147
0,0,0,1,1,0,1,0,0,1,0,0,0,0,1,0,0001101001000010,146
1,0,0,1,0,0,0,0,0,0,0,0,1,0,1,1,1001000000001011,146
0,0,0,1,0,0,0,1,0,0,0,1,0,0,0,0,0001000100010000,146
1,0,0,1,0,0,0,1,1,0,0,0,0,0,0,0,1001000110000000,145
1,0,0,1,1,0,0,0,0,0,1,0,0,0,1,0,1001100000100010,143
0,1,0,0,0,0,0,0,0,0,0,1,0,0,1,0,0100000000010010,143
0,0,0,1,0,1,0,0,0,1,1,0,0,0,0,0,0001010001100000,143
0,0,0,0,1,0,1,0,0,0,0,0,1,0,1,0,0000101000001010,143
0,0,0,0,0,0,1,0,0,0,0,0,1,0,0,0,0000001000001000,142
1,0,0,1,0,0,0,1,1,1,0,1,0,0,1,0,1001000111010010,142
0,0,0,0,0,0,0,0,1,0,0,0,0,0,0,0,0000000010000000,140
1,0,0,1,0,0,1,0,1,0,0,0,1,0,1,0,1001001010001010,140
0,1,0,0,0,0,1,0,0,0,0,0,0,0,0,0,0100001000000000,139
1,0,0,1,0,0,0,1,0,0,0,0,1,0,0,0,1001000100001000,139
1,1,0,1,0,0,0,0,1,1,0,1,0,0,0,0,1101000011010000,138
1,1,0,1,0,0,0,0,0,1,0,0,0,0,0,0,1101000001000000,137
1,1,0,1,0,1,0,0,0,0,1,0,0,0,1,0,1101010000100010,137
1,0,0,1,1,0,1,0,0,0,1,0,0,0,1,0,1001101000100010,137
1,0,0,1,0,0,0,1,1,1,1,0,0,0,1,0,1001000111100010,136
1,0,0,1,1,0,0,0,0,0,0,0,0,0,1,0,1001100000000010,136
0,1,0,0,0,0,0,0,0,0,0,0,0,1,0,0,0100000000000100,134
0,0,0,0,1,0,0,0,0,0,0,0,1,0,0,0,0000100000001000,134
0,1,0,0,0,0,0,0,0,0,0,0,1,0,0,0,0100000000001000,133
0,0,0,1,1,0,0,0,0,0,0,0,1,0,0,0,0001100000001000,133
0,0,0,1,0,0,0,1,1,1,0,0,0,0,0,0,0001000111000000,133
1,0,0,1,1,0,0,0,1,0,1,0,0,0,1,0,1001100010100010,132
0,0,0,1,0,0,0,1,0,1,1,0,0,0,0,0,0001000101100000,130
1,1,0,1,1,0,0,0,0,0,0,0,0,0,1,0,1101100000000010,130
0,0,0,0,0,0,1,0,0,0,1,0,0,0,0,0,0000001000100000,129
1,0,0,1,0,0,0,1,1,1,0,0,1,0,1,0,1001000111001010,129
1,1,0,1,0,0,0,0,0,1,0,0,1,0,1,0,1101000001001010,129
0,0,0,1,0,0,0,1,1,0,0,0,0,0,0,0,0001000110000000,129
0,0,0,1,0,1,0,0,0,1,0,0,0,0,0,0,0001010001000000,128
0,1,0,0,1,0,0,0,0,0,0,0,0,1,1,0,0100100000000110,128
0,0,0,0,1,1,1,0,0,0,0,0,0,0,1,0,0000111000000010,127
0,0,0,0,1,0,1,0,1,0,0,0,0,0,1,0,0000101010000010,127
0,0,0,1,0,0,0,0,1,1,0,0,0,0,1,0,0001000011000010,126
0,0,0,0,0,0,0,0,1,0,0,1,0,0,1,0,0000000010010010,126
0,0,0,1,1,1,1,0,0,0,0,0,0,0,1,0,0001111000000010,125
1,0,0,1,0,1,0,0,0,0,1,0,0,0,1,0,1001010000100010,124
1,0,0,1,1,0,1,0,0,0,1,0,0,0,0,0,1001101000100000,124
0,0,0,1,1,0,1,0,0,1,0,0,0,0,0,0,0001101001000000,124
0,0,0,1,1,1,0,0,0,1,1,0,0,0,0,0,0001110001100000,124
1,0,0,1,1,0,1,0,1,0,0,0,0,0,1,0,1001101010000010,123
0,1,0,0,0,0,0,0,0,0,0,0,0,1,1,0,0100000000000110,123
1,0,0,1,0,0,0,1,0,1,0,1,0,0,1,0,1001000101010010,123
0,0,0,1,1,1,1,0,0,0,1,0,0,0,1,0,0001111000100010,123
0,0,0,0,0,0,1,1,0,0,0,0,0,0,0,0,0000001100000000,122
0,0,0,1,1,1,0,0,0,1,0,0,0,0,0,0,0001110001000000,122
0,0,0,0,0,1,0,0,0,0,0,0,1,0,0,0,0000010000001000,122
1,0,0,1,1,0,0,0,1,0,0,0,0,0,1,0,1001100010000010,122
1,1,0,1,0,0,0,1,0,0,1,0,0,0,1,0,1101000100100010,122
0,0,0,1,0,1,0,1,0,0,0,0,0,0,0,0,0001010100000000,121
0,1,0,1,0,0,0,0,0,1,1,0,0,0,1,0,0101000001100010,121
1,0,0,1,0,0,0,1,1,1,0,1,0,0,0,0,1001000111010000,120
0,1,0,1,1,0,0,0,0,0,1,0,0,0,0,0,0101100000100000,120
0,1,0,1,0,0,0,0,0,1,1,0,0,0,0,0,0101000001100000,120
1,1,1,1,0,0,0,0,0,0,0,0,0,0,0,0,1111000000000000,119
0,0,0,0,0,0,0,0,1,0,0,0,0,0,1,0,0000000010000010,119
0,0,0,1,1,0,0,0,1,1,1,0,0,0,0,0,0001100011100000,118
1,1,0,1,0,0,0,1,0,0,0,0,0,0,1,0,1101000100000010,117
0,0,0,1,0,0,0,0,1,1,0,0,1,0,1,0,0001000011001010,116
0,1,0,1,0,0,0,0,1,0,1,0,0,0,1,0,0101000010100010,116
0,0,0,1,0,0,0,0,0,1,0,0,1,0,1,0,0001000001001010,116
1,0,0,1,0,0,0,0,1,0,1,0,0,0,1,1,1001000010100011,116
1,0,0,1,1,1,1,0,0,0,1,0,0,0,1,0,1001111000100010,114
0,1,0,1,1,0,1,0,0,0,0,0,0,0,1,0,0101101000000010,113
1,0,1,1,0,0,0,0,0,1,0,1,0,0,0,0,1011000001010000,112
1,0,0,0,0,0,0,0,1,0,0,1,0,0,1,1,1000000010010011,112
1,0,0,1,0,0,0,1,0,1,0,1,0,0,0,0,1001000101010000,112
1,1,0,1,0,0,0,0,0,1,0,0,0,0,1,0,1101000001000010,110
1,0,1,1,0,0,0,0,1,1,0,1,0,0,0,0,1011000011010000,109
1,0,0,1,1,0,1,0,0,0,0,0,0,0,0,0,1001101000000000,109
1,0,0,1,0,0,0,1,0,0,0,0,1,0,1,0,1001000100001010,109
0,1,0,1,0,0,0,1,0,0,0,0,0,0,0,0,0101000100000000,109
0,0,0,0,1,0,1,0,0,1,1,0,0,0,1,0,0000101001100010,108
1,0,0,1,0,0,0,1,0,0,0,1,0,0,0,0,1001000100010000,107
1,0,0,1,0,0,0,1,0,0,0,0,0,0,1,0,1001000100000010,107
1,0,0,1,1,0,1,0,0,0,0,0,1,0,1,0,1001101000001010,107
0,1,0,1,1,0,1,0,0,1,0,0,0,0,1,0,0101101001000010,106
1,0,0,0,0,0,0,0,1,0,0,0,0,0,1,0,1000000010000010,106
0,0,0,0,0,0,0,1,0,0,0,0,0,0,1,0,0000000100000010,106
0,0,0,0,0,0,1,0,0,0,0,0,1,0,1,0,0000001000001010,105
1,0,0,1,0,0,1,0,1,1,0,0,0,0,1,0,1001001011000010,105
0,0,0,0,0,1,0,0,0,0,1,0,0,0,0,0,0000010000100000,105
0,0,0,0,1,0,1,0,0,1,0,0,0,1,0,0,0000101001000100,104
0,0,0,1,1,0,0,0,1,1,0,0,0,0,1,0,0001100011000010,104
1,0,0,1,0,0,1,0,1,1,0,0,1,0,1,0,1001001011001010,104
0,1,0,1,0,0,1,0,0,0,0,0,1,0,1,0,0101001000001010,104
1,1,0,1,0,0,0,0,0,1,0,1,0,0,0,0,1101000001010000,104
1,1,0,1,0,0,0,1,0,0,0,0,1,0,1,0,1101000100001010,104
0,0,0,0,1,0,0,0,0,0,0,0,1,0,1,0,0000100000001010,103
0,0,0,1,0,0,0,1,0,1,0,0,1,0,0,0,0001000101001000,103
0,0,0,1,1,0,1,0,0,1,1,0,0,0,0,0,0001101001100000,103
1,0,1,1,0,0,0,0,1,0,0,0,1,0,0,0,1011000010001000,103
1,1,0,1,1,0,0,0,0,0,1,0,0,0,0,0,1101100000100000,103
0,1,0,0,1,0,0,0,0,0,0,0,0,1,0,0,0100100000000100,102
1,0,0,1,0,1,0,0,0,0,0,0,0,0,1,0,1001010000000010,102
1,0,0,1,0,0,0,1,1,1,0,0,1,0,0,0,1001000111001000,101
